"1_DIGILAB.MOV","DIGILAB"
"2-HCTSL.pdf","HCTSL"
"3-HLTHSIM.pdf","HLTHSIM"
"5-NGAIA.pdf","NGAIA"
"6-SHRDSP.mov","SHRDSP"
"7-ENCAD.mov","ENCAD"
"8-AESTHVIS.pdf","AESTHVIS"
"9-AFEVAL.mov","AFEVAL"
"10_VIRTPRES.pdf","VIRTPRES"
"11-AMBAID.pdf","AMBAID"
"12-PLAYPR.mov","PLAYPR"
"13-PRIVNM.pdf","PRIVNM"
"14-PERUI.mov","PERUI"
"15-CPRM.pdf","CPRM"
"16-BELIEVE.pdf","BELIEVE"
"17-DIGLT.mov","DIGLT"
"18-DINS.pdf","DINS"
"19-HSCEG.mov","HSCEG"
"20-INCLUDE.pdf","INCLUDE"
"21-SIMUL.pdf","SIMUL"
"22-MEOW.pdf","MEOW"
"23-NEUROGAM.mov","NEUROGAM"
"25-GRNCTY.pdf","GRNCTY"
"26-MCSIG.pdf","MCSIG"
"27-MOTION.pdf","MOTION"
"28-PROMO.pdf","PROMO"
"29-SKETCH.pdf","SKETCH"
"30-PLATFORM.pdf","PLATFORM"
"31-NAVEL.pdf","NAVEL"
"32-CAPSIM.pdf","CAPSIM"
